{"cameraMode":{"drawMode":0,"name":"Shaded","section":"Shading Mode"},"sceneLighting":false,"audioPlay":false,"sceneViewState":{"showFog":true,"showMaterialUpdate":false,"showSkybox":false,"showFlares":true,"showImageEffects":true,"showParticleSystems":true},"in2DMode":false,"pivot":{"x":0.39639806747436526,"y":1.4233331680297852,"z":-2.6786038875579836},"rotation":{"x":-0.21932187676429749,"y":0.2151094377040863,"z":-0.049643080681562427,"w":-0.950347900390625},"size":4.971235752105713,"orthographic":false}